-- INSERT UTILISATEURS
insert into Utilisateur (IdUtilisateur, Email, Password) values (1, 'soconor0@miibeian.gov.cn', '$2y$10$QhtDbCR.gGoQUdXnN2HgaeBN8DA/M0znjLGr.2g5/FPOzsHtQFQXy');
insert into Utilisateur (IdUtilisateur, Email, Password) values (2, 'rheel1@domainmarket.com', '$2y$10$QhtDbCR.gGoQUdXnN2HgaeBN8DA/M0znjLGr.2g5/FPOzsHtQFQXy');
insert into Utilisateur (IdUtilisateur, Email, Password) values (3, 'psiege2@eventbrite.com', '$2y$10$QhtDbCR.gGoQUdXnN2HgaeBN8DA/M0znjLGr.2g5/FPOzsHtQFQXy');
insert into Utilisateur (IdUtilisateur, Email, Password) values (4, 'dparkisson3@upenn.edu', '$2y$10$QhtDbCR.gGoQUdXnN2HgaeBN8DA/M0znjLGr.2g5/FPOzsHtQFQXy');
insert into Utilisateur (IdUtilisateur, Email, Password) values (5, 'awaddicor4@trellian.com', '$2y$10$QhtDbCR.gGoQUdXnN2HgaeBN8DA/M0znjLGr.2g5/FPOzsHtQFQXy');
insert into Utilisateur (IdUtilisateur, Email, Password) values (6, 'cdenver5@blogs.com', '$2y$10$QhtDbCR.gGoQUdXnN2HgaeBN8DA/M0znjLGr.2g5/FPOzsHtQFQXy');
insert into Utilisateur (IdUtilisateur, Email, Password) values (7, 'ifaughny6@umn.edu', '$2y$10$QhtDbCR.gGoQUdXnN2HgaeBN8DA/M0znjLGr.2g5/FPOzsHtQFQXy');
insert into Utilisateur (IdUtilisateur, Email, Password) values (8, 'fcrepel7@gravatar.com', '$2y$10$QhtDbCR.gGoQUdXnN2HgaeBN8DA/M0znjLGr.2g5/FPOzsHtQFQXy');
insert into Utilisateur (IdUtilisateur, Email, Password) values (9, 'jmcphaden8@barnesandnoble.com', '$2y$10$QhtDbCR.gGoQUdXnN2HgaeBN8DA/M0znjLGr.2g5/FPOzsHtQFQXy');
insert into Utilisateur (IdUtilisateur, Email, Password) values (10, 'mmateu9@mail.ru', '$2y$10$QhtDbCR.gGoQUdXnN2HgaeBN8DA/M0znjLGr.2g5/FPOzsHtQFQXy');
insert into Utilisateur (IdUtilisateur, Email, Password) values (11, 'bdecayettea@usatoday.com', '$2y$10$QhtDbCR.gGoQUdXnN2HgaeBN8DA/M0znjLGr.2g5/FPOzsHtQFQXy');
insert into Utilisateur (IdUtilisateur, Email, Password) values (12, 'lbrewettb@rakuten.co.jp', '$2y$10$QhtDbCR.gGoQUdXnN2HgaeBN8DA/M0znjLGr.2g5/FPOzsHtQFQXy');
insert into Utilisateur (IdUtilisateur, Email, Password) values (13, 'gwhatsonc@csmonitor.com', '$2y$10$QhtDbCR.gGoQUdXnN2HgaeBN8DA/M0znjLGr.2g5/FPOzsHtQFQXy');
insert into Utilisateur (IdUtilisateur, Email, Password) values (14, 'lveschid@mapquest.com', '$2y$10$QhtDbCR.gGoQUdXnN2HgaeBN8DA/M0znjLGr.2g5/FPOzsHtQFQXy');
insert into Utilisateur (IdUtilisateur, Email, Password) values (15, 'bpaulee@xrea.com', '$2y$10$QhtDbCR.gGoQUdXnN2HgaeBN8DA/M0znjLGr.2g5/FPOzsHtQFQXy');
insert into Utilisateur (IdUtilisateur, Email, Password) values (16, 'cmorlf@vistaprint.com', '$2y$10$QhtDbCR.gGoQUdXnN2HgaeBN8DA/M0znjLGr.2g5/FPOzsHtQFQXy');
insert into Utilisateur (IdUtilisateur, Email, Password) values (17, 'mbedlingtong@csmonitor.com', '$2y$10$QhtDbCR.gGoQUdXnN2HgaeBN8DA/M0znjLGr.2g5/FPOzsHtQFQXy');
insert into Utilisateur (IdUtilisateur, Email, Password) values (18, 'sgriswaiteh@deliciousdays.com', '$2y$10$QhtDbCR.gGoQUdXnN2HgaeBN8DA/M0znjLGr.2g5/FPOzsHtQFQXy');
insert into Utilisateur (IdUtilisateur, Email, Password) values (19, 'rfilipponei@smugmug.com', '$2y$10$QhtDbCR.gGoQUdXnN2HgaeBN8DA/M0znjLGr.2g5/FPOzsHtQFQXy');
insert into Utilisateur (IdUtilisateur, Email, Password) values (20, 'reggarj@google.nl', '$2y$10$QhtDbCR.gGoQUdXnN2HgaeBN8DA/M0znjLGr.2g5/FPOzsHtQFQXy');
-- INSERT Reservations
insert into Reservation (IdReservation, Nom, NbClient, Telephone, NbVehicules, NbPHandicape, Allergene, IdUtilisateur) values (1, 'Bariball', 7, '9694665880', 0, 0, null, 20);
insert into Reservation (IdReservation, Nom, NbClient, Telephone, NbVehicules, NbPHandicape, Allergene, IdUtilisateur) values (2, 'Stoakes', 1, '9904983449', 2, 0, null, 17);
insert into Reservation (IdReservation, Nom, NbClient, Telephone, NbVehicules, NbPHandicape, Allergene, IdUtilisateur) values (3, 'Wittleton', 7, '6635131606', 0, 0, null, 20);
insert into Reservation (IdReservation, Nom, NbClient, Telephone, NbVehicules, NbPHandicape, Allergene, IdUtilisateur) values (4, 'Behnen', 9, '5535756157', 0, 0, null, 10);
insert into Reservation (IdReservation, Nom, NbClient, Telephone, NbVehicules, NbPHandicape, Allergene, IdUtilisateur) values (5, 'Castagnet', 3, '6619017537', 2, 0, null, 3);
insert into Reservation (IdReservation, Nom, NbClient, Telephone, NbVehicules, NbPHandicape, Allergene, IdUtilisateur) values (6, 'Iliff', 10, '4515809976', 1, 0, null, 20);
insert into Reservation (IdReservation, Nom, NbClient, Telephone, NbVehicules, NbPHandicape, Allergene, IdUtilisateur) values (7, 'Burfoot', 4, '9212211605', 1, 0, null, 17);
insert into Reservation (IdReservation, Nom, NbClient, Telephone, NbVehicules, NbPHandicape, Allergene, IdUtilisateur) values (8, 'Mucklo', 7, '1519697957', 2, 0, null, 8);
insert into Reservation (IdReservation, Nom, NbClient, Telephone, NbVehicules, NbPHandicape, Allergene, IdUtilisateur) values (9, 'Whittle', 8, '3594262158', 0, 0, null, 2);
insert into Reservation (IdReservation, Nom, NbClient, Telephone, NbVehicules, NbPHandicape, Allergene, IdUtilisateur) values (10, 'Geikie', 4, '3864928088', 2, 0, null, 11);
insert into Reservation (IdReservation, Nom, NbClient, Telephone, NbVehicules, NbPHandicape, Allergene, IdUtilisateur) values (11, 'Vitall', 7, '4643415972', 2, 0, null, 7);
insert into Reservation (IdReservation, Nom, NbClient, Telephone, NbVehicules, NbPHandicape, Allergene, IdUtilisateur) values (12, 'De Biasi', 3, '9502763553', 2, 0, null, 13);
insert into Reservation (IdReservation, Nom, NbClient, Telephone, NbVehicules, NbPHandicape, Allergene, IdUtilisateur) values (13, 'Attac', 1, '2735502284', 1, 0, null, 16);
insert into Reservation (IdReservation, Nom, NbClient, Telephone, NbVehicules, NbPHandicape, Allergene, IdUtilisateur) values (14, 'Chatelet', 6, '4038812251', 1, 0, null, 16);
insert into Reservation (IdReservation, Nom, NbClient, Telephone, NbVehicules, NbPHandicape, Allergene, IdUtilisateur) values (15, 'Floris', 9, '9827564645', 1, 0, null, 20);
insert into Reservation (IdReservation, Nom, NbClient, Telephone, NbVehicules, NbPHandicape, Allergene, IdUtilisateur) values (16, 'Faloon', 1, '1861375499', 1, 0, null, 1);
insert into Reservation (IdReservation, Nom, NbClient, Telephone, NbVehicules, NbPHandicape, Allergene, IdUtilisateur) values (17, 'Scholling', 8, '2064465304', 2, 0, null, 1);
insert into Reservation (IdReservation, Nom, NbClient, Telephone, NbVehicules, NbPHandicape, Allergene, IdUtilisateur) values (18, 'Fyrth', 1, '3142003711', 0, 0, null, 16);
insert into Reservation (IdReservation, Nom, NbClient, Telephone, NbVehicules, NbPHandicape, Allergene, IdUtilisateur) values (19, 'Loram', 9, '9365220819', 1, 0, null, 16);
insert into Reservation (IdReservation, Nom, NbClient, Telephone, NbVehicules, NbPHandicape, Allergene, IdUtilisateur) values (20, 'Gilleon', 7, '4374899549', 1, 0, null, 11);
insert into Reservation (IdReservation, Nom, NbClient, Telephone, NbVehicules, NbPHandicape, Allergene, IdUtilisateur) values (21, 'Cunnow', 1, '3925422485', 0, 0, null, 20);
insert into Reservation (IdReservation, Nom, NbClient, Telephone, NbVehicules, NbPHandicape, Allergene, IdUtilisateur) values (22, 'Revitt', 3, '9415674115', 0, 0, null, 6);
insert into Reservation (IdReservation, Nom, NbClient, Telephone, NbVehicules, NbPHandicape, Allergene, IdUtilisateur) values (23, 'Conachy', 5, '7078617953', 2, 0, null, 11);
insert into Reservation (IdReservation, Nom, NbClient, Telephone, NbVehicules, NbPHandicape, Allergene, IdUtilisateur) values (24, 'Christensen', 10, '2975641816', 0, 0, null, 11);
insert into Reservation (IdReservation, Nom, NbClient, Telephone, NbVehicules, NbPHandicape, Allergene, IdUtilisateur) values (25, 'Crowden', 6, '5913204706', 0, 0, null, 3);
insert into Reservation (IdReservation, Nom, NbClient, Telephone, NbVehicules, NbPHandicape, Allergene, IdUtilisateur) values (26, 'Condon', 5, '8744368101', 1, 0, null, 6);
insert into Reservation (IdReservation, Nom, NbClient, Telephone, NbVehicules, NbPHandicape, Allergene, IdUtilisateur) values (27, 'Allabarton', 9, '3474575487', 0, 0, null, 20);
insert into Reservation (IdReservation, Nom, NbClient, Telephone, NbVehicules, NbPHandicape, Allergene, IdUtilisateur) values (28, 'Galliver', 6, '1501682371', 1, 0, null, 2);
insert into Reservation (IdReservation, Nom, NbClient, Telephone, NbVehicules, NbPHandicape, Allergene, IdUtilisateur) values (29, 'Saunier', 10, '1964853118', 0, 0, null, 20);
insert into Reservation (IdReservation, Nom, NbClient, Telephone, NbVehicules, NbPHandicape, Allergene, IdUtilisateur) values (30, 'Corryer', 8, '4952816969', 0, 0, null, 1);
-- INSERT TABLES
insert into Tables (IdTable, IntExt, NbSiege, Disponible) values (1, false, 6, 1);
insert into Tables (IdTable, IntExt, NbSiege, Disponible) values (2, true, 2, 1);
insert into Tables (IdTable, IntExt, NbSiege, Disponible) values (3, false, 10, 1);
insert into Tables (IdTable, IntExt, NbSiege, Disponible) values (4, false, 4, 1);
insert into Tables (IdTable, IntExt, NbSiege, Disponible) values (5, false, 7, 1);
insert into Tables (IdTable, IntExt, NbSiege, Disponible) values (6, false, 4, 1);
insert into Tables (IdTable, IntExt, NbSiege, Disponible) values (7, true, 1, 1);
insert into Tables (IdTable, IntExt, NbSiege, Disponible) values (8, true, 5, 1);
insert into Tables (IdTable, IntExt, NbSiege, Disponible) values (9, false, 2, 1);
insert into Tables (IdTable, IntExt, NbSiege, Disponible) values (10, true, 8, 1);
insert into Tables (IdTable, IntExt, NbSiege, Disponible) values (11, true, 5, 1);
insert into Tables (IdTable, IntExt, NbSiege, Disponible) values (12, true, 2, 1);
insert into Tables (IdTable, IntExt, NbSiege, Disponible) values (13, true, 1, 1);
insert into Tables (IdTable, IntExt, NbSiege, Disponible) values (14, false, 6, 1);
insert into Tables (IdTable, IntExt, NbSiege, Disponible) values (15, false, 6, 1);
insert into Tables (IdTable, IntExt, NbSiege, Disponible) values (16, true, 8, 1);
insert into Tables (IdTable, IntExt, NbSiege, Disponible) values (17, false, 6, 1);
insert into Tables (IdTable, IntExt, NbSiege, Disponible) values (18, false, 5, 1);
insert into Tables (IdTable, IntExt, NbSiege, Disponible) values (19, false, 7, 1);
insert into Tables (IdTable, IntExt, NbSiege, Disponible) values (20, false, 9, 1);
-- INSERT LIEN RESERVATION TABLES
insert into Reserver (IdReservation, IdTable) values (1, 8);
insert into Reserver (IdReservation, IdTable) values (2, 16);
insert into Reserver (IdReservation, IdTable) values (3, 11);
insert into Reserver (IdReservation, IdTable) values (4, 17);
insert into Reserver (IdReservation, IdTable) values (5, 20);
insert into Reserver (IdReservation, IdTable) values (6, 19);
insert into Reserver (IdReservation, IdTable) values (7, 8);
insert into Reserver (IdReservation, IdTable) values (8, 14);
insert into Reserver (IdReservation, IdTable) values (9, 3);
insert into Reserver (IdReservation, IdTable) values (10, 12);
insert into Reserver (IdReservation, IdTable) values (11, 17);
insert into Reserver (IdReservation, IdTable) values (12, 14);
insert into Reserver (IdReservation, IdTable) values (13, 13);
insert into Reserver (IdReservation, IdTable) values (14, 10);
insert into Reserver (IdReservation, IdTable) values (15, 7);
insert into Reserver (IdReservation, IdTable) values (16, 11);
insert into Reserver (IdReservation, IdTable) values (17, 19);
insert into Reserver (IdReservation, IdTable) values (18, 16);
insert into Reserver (IdReservation, IdTable) values (19, 11);
insert into Reserver (IdReservation, IdTable) values (20, 10);
insert into Reserver (IdReservation, IdTable) values (21, 9);
insert into Reserver (IdReservation, IdTable) values (22, 15);
insert into Reserver (IdReservation, IdTable) values (23, 15);
insert into Reserver (IdReservation, IdTable) values (24, 6);
insert into Reserver (IdReservation, IdTable) values (25, 3);
insert into Reserver (IdReservation, IdTable) values (26, 9);
insert into Reserver (IdReservation, IdTable) values (27, 15);
insert into Reserver (IdReservation, IdTable) values (28, 20);
insert into Reserver (IdReservation, IdTable) values (29, 14);
insert into Reserver (IdReservation, IdTable) values (30, 7);
insert into Reserver (IdReservation, IdTable) values (11, 9);
insert into Reserver (IdReservation, IdTable) values (5, 1);
insert into Reserver (IdReservation, IdTable) values (18, 10);
insert into Reserver (IdReservation, IdTable) values (11, 13);
insert into Reserver (IdReservation, IdTable) values (19, 19);
insert into Reserver (IdReservation, IdTable) values (18, 20);
insert into Reserver (IdReservation, IdTable) values (18, 2);
insert into Reserver (IdReservation, IdTable) values (6, 8);